{
  "train_loss_diet": [
    4.61358517408371,
    4.59078174829483,
    4.570068776607513,
    4.560660421848297,
    4.546353191137314,
    4.53211897611618,
    4.521303653717041,
    4.50472018122673,
    4.483265817165375,
    4.465142548084259,
    4.448903799057007,
    4.4359098970890045,
    4.407259821891785,
    4.3830905854702,
    4.350930482149124,
    4.316557049751282,
    4.303770959377289,
    4.2919124364852905,
    4.25531342625618,
    4.229388236999512,
    4.2027744352817535,
    4.1762915551662445,
    4.154585212469101,
    4.125120311975479,
    4.114010751247406,
    4.086709529161453,
    4.082109242677689,
    4.070596218109131,
    4.06083419919014,
    4.059794515371323
  ],
  "train_loss_probe": [
    1.0738524496555328,
    0.8953186757862568,
    0.8883525393903255,
    0.8520904518663883,
    0.8183016031980515,
    0.7972634881734848,
    0.7829932644963264,
    0.7510392665863037,
    0.7198473513126373,
    0.7414789460599422,
    0.6969562284648418,
    0.6895710490643978,
    0.6543659418821335,
    0.6413032487034798,
    0.6135457046329975,
    0.6086762733757496,
    0.5986063331365585,
    0.5928424820303917,
    0.529778927564621,
    0.49299840815365314,
    0.4658368472009897,
    0.45878099277615547,
    0.4177981484681368,
    0.37444893829524517,
    0.3549714833498001,
    0.33119428530335426,
    0.30551707185804844,
    0.2835223851725459,
    0.2757023936137557,
    0.26377574913203716
  ],
  "train_acc": [
    0.64130859375,
    0.68427734375,
    0.67890625,
    0.6916015625,
    0.70224609375,
    0.695703125,
    0.7056640625,
    0.7279296875,
    0.7244140625,
    0.7236328125,
    0.74111328125,
    0.74697265625,
    0.75537109375,
    0.755078125,
    0.77333984375,
    0.7630859375,
    0.7708984375,
    0.7859375,
    0.8048828125,
    0.81689453125,
    0.820703125,
    0.8345703125,
    0.8439453125,
    0.86494140625,
    0.87236328125,
    0.87939453125,
    0.89736328125,
    0.90537109375,
    0.9009765625,
    0.90361328125
  ],
  "test_acc": [
    0.6593618436503164,
    0.5486302243137029,
    0.5772596059620999,
    0.5840878971720237,
    0.557172004145322,
    0.6005764876104969,
    0.5646014193102562,
    0.5238275985981766,
    0.5143310784468601,
    0.5318812545195583,
    0.5747102883942812,
    0.552182841053471,
    0.5058374039277074,
    0.5530302640393531,
    0.5106503565171185,
    0.5455079302408291,
    0.5351759707968953,
    0.4838302580625541,
    0.5131910441573516,
    0.525168035698597,
    0.4778280866682323,
    0.499670349965871,
    0.4746135054327625,
    0.4864141027325165,
    0.5091100150243634,
    0.5044214579968305,
    0.5057984512487497,
    0.487364983476157,
    0.49402332398305715,
    0.49365046728853534
  ],
  "zero_shot_metrics": {
    "0": {
      "knn_acc": 0.7481296758104738,
      "kmeans_ari": 0.03318988218277937,
      "kmeans_nmi": 0.11822021051593194,
      "linear_acc": 0.6689930209371885
    },
    "5": {
      "knn_acc": 0.7391521197007481,
      "kmeans_ari": 0.04935625814184398,
      "kmeans_nmi": 0.16652523313059212,
      "linear_acc": 0.6859421734795613
    },
    "10": {
      "knn_acc": 0.7546134663341646,
      "kmeans_ari": 0.03531748587524308,
      "kmeans_nmi": 0.1690644262439333,
      "linear_acc": 0.7198404785643071
    },
    "15": {
      "knn_acc": 0.7620947630922693,
      "kmeans_ari": 0.0836782659881587,
      "kmeans_nmi": 0.20211035791442675,
      "linear_acc": 0.7238285144566301
    },
    "20": {
      "knn_acc": 0.7700748129675811,
      "kmeans_ari": 0.09363536116360795,
      "kmeans_nmi": 0.19881343763464565,
      "linear_acc": 0.7278165503489531
    },
    "25": {
      "knn_acc": 0.7610972568578553,
      "kmeans_ari": 0.09321399064355029,
      "kmeans_nmi": 0.20126350486079128,
      "linear_acc": 0.7347956131605184
    },
    "30": {
      "knn_acc": 0.7775561097256858,
      "kmeans_ari": 0.1582598911293569,
      "kmeans_nmi": 0.21071277310395758,
      "linear_acc": 0.7387836490528414
    }
  }
}