{
  "train_loss_diet": [
    4.608555082841353,
    4.607661576704546,
    4.6068631779063836,
    4.606545881791548,
    4.604778168418191,
    4.6052648544311525,
    4.603464629433372,
    4.603429473530163,
    4.603545977852561,
    4.6026509805159135,
    4.602198661457408,
    4.601881478049538,
    4.601254419846968,
    4.601704675501043,
    4.600082700902766,
    4.5996860937638715,
    4.599151784723455,
    4.598749897696755,
    4.597959032925693,
    4.597862495075573,
    4.597670451077548,
    4.598000543767756,
    4.597484259171919,
    4.597341208024458,
    4.596875615553422,
    4.596139708432284,
    4.596620308269154,
    4.595701885223389,
    4.5958728010004215,
    4.594905428452925
  ],
  "train_loss_probe": [
    2.8487975207242098,
    2.459341283278032,
    2.113020068948919,
    1.8528153094378386,
    1.6525714895941994,
    1.5042464277961038,
    1.387622180852023,
    1.3238837068731135,
    1.261462426185608,
    1.2112250891598788,
    1.1770986654541709,
    1.146343714540655,
    1.128383754600178,
    1.1041857632723722,
    1.0877496892755683,
    1.0700766010717913,
    1.0298658847808837,
    1.0230006987398321,
    1.0085711392489347,
    0.9921517285433683,
    0.9824958497827704,
    0.9786202105608853,
    0.9746215105056762,
    0.9618076237765225,
    0.9582766749642112,
    0.9485692273486744,
    0.9485336704687639,
    0.9309874989769675,
    0.9303811745210128,
    0.9343353585763411
  ],
  "train_acc": [
    0.057441686602870815,
    0.08183612440191387,
    0.15392643540669856,
    0.26383223684210527,
    0.38995514354066985,
    0.48558163875598087,
    0.5575986842105263,
    0.5835810406698565,
    0.6094512559808613,
    0.6306967703349283,
    0.6436229066985646,
    0.6477975478468899,
    0.6539608253588517,
    0.6587470095693779,
    0.6639099880382775,
    0.6640086722488039,
    0.6704874401913876,
    0.6646516148325359,
    0.6736303827751197,
    0.6783747009569377,
    0.6767987440191388,
    0.6801465311004785,
    0.6777437200956937,
    0.6768480861244018,
    0.6791028708133972,
    0.6802018540669856,
    0.6806040669856459,
    0.6848400119617224,
    0.682802033492823,
    0.6854515550239234
  ],
  "test_acc": [
    0.11717872751625352,
    0.19066122774434338,
    0.2815272358297064,
    0.369620761013361,
    0.441388170710897,
    0.4966982081852157,
    0.5305894306539252,
    0.5572878278580504,
    0.5736568305731644,
    0.5837124343396883,
    0.590719995729651,
    0.5950478671908791,
    0.5963728205802944,
    0.5975324885490444,
    0.5966399449543145,
    0.5950370582659764,
    0.5948005470355077,
    0.592014834394092,
    0.5897348033020653,
    0.5850308375375082,
    0.5818036036507894,
    0.5806066355985754,
    0.5794317088407629,
    0.5774626112149248,
    0.5751540055324462,
    0.5735173261701855,
    0.5722539100514976,
    0.5705688349845912,
    0.5685737483146693,
    0.5681770197990443
  ],
  "zero_shot_metrics": {
    "0": {
      "knn_acc": 0.7486284289276808,
      "kmeans_ari": 0.07240636711349648,
      "kmeans_nmi": 0.14023688557774222,
      "linear_acc": 0.6849451645064806
    },
    "5": {
      "knn_acc": 0.7491271820448878,
      "kmeans_ari": 0.072237747515994,
      "kmeans_nmi": 0.13997027422271832,
      "linear_acc": 0.7068793619142573
    },
    "10": {
      "knn_acc": 0.7486284289276808,
      "kmeans_ari": 0.072237747515994,
      "kmeans_nmi": 0.13997027422271832,
      "linear_acc": 0.6879361914257228
    },
    "15": {
      "knn_acc": 0.7486284289276808,
      "kmeans_ari": 0.07248502555941286,
      "kmeans_nmi": 0.1401292107583092,
      "linear_acc": 0.7088733798604188
    },
    "20": {
      "knn_acc": 0.7491271820448878,
      "kmeans_ari": 0.07251894417496618,
      "kmeans_nmi": 0.14012584743246734,
      "linear_acc": 0.7018943170488534
    },
    "25": {
      "knn_acc": 0.7491271820448878,
      "kmeans_ari": 0.0724136801154765,
      "kmeans_nmi": 0.14007391212250825,
      "linear_acc": 0.6979062811565304
    },
    "30": {
      "knn_acc": 0.7491271820448878,
      "kmeans_ari": 0.07251894417496618,
      "kmeans_nmi": 0.14012584743246734,
      "linear_acc": 0.707876370887338
    }
  }
}