{
  "train_loss_diet": [
    2.3035896682739256,
    2.3025606536865233,
    2.30216965675354,
    2.3018684244155883,
    2.3013853645324707,
    2.3127552461624146,
    2.323363814353943,
    2.3136319303512574,
    2.3143991231918335,
    2.3084151315689088,
    2.3045990753173826,
    2.3053599548339845,
    2.3011582899093628,
    2.300309462547302,
    2.296339273452759,
    2.298480215072632,
    2.2957205533981324,
    2.295442123413086,
    2.2948990774154665,
    2.293606514930725,
    2.2917007541656496,
    2.291921696662903,
    2.2912302446365356,
    2.2874919748306275,
    2.288533763885498,
    2.290155067443848,
    2.2867334365844725,
    2.2908643960952757,
    2.2862151956558225,
    2.2874733543395998
  ],
  "train_loss_probe": [
    2.8057775926589965,
    2.2829275608062742,
    2.332168459892273,
    2.290853805541992,
    2.281123986244202,
    2.219223437309265,
    2.134157667160034,
    2.0634907937049864,
    2.0468270134925843,
    1.989539511203766,
    2.004695932865143,
    1.965842192173004,
    1.9565074944496155,
    1.9571788215637207,
    1.8934374833106995,
    1.8564485692977906,
    1.866547691822052,
    1.8214623522758484,
    1.7868578958511352,
    1.741203248500824,
    1.733746509552002,
    1.7134745693206788,
    1.658736801147461,
    1.6791262435913086,
    1.6645238065719605,
    1.6791125273704528,
    1.6756494760513305,
    1.5990722584724426,
    1.6458291363716127,
    1.6301358461380004
  ],
  "train_acc": [
    0.11800000220537185,
    0.14000000268220902,
    0.12100000254809856,
    0.14400000229477883,
    0.15300000198185443,
    0.16000000298023223,
    0.1940000034868717,
    0.2140000032633543,
    0.2250000037252903,
    0.2270000035315752,
    0.25100000500679015,
    0.25000000357627866,
    0.2540000034123659,
    0.28200000427663324,
    0.2930000039190054,
    0.28800000324845315,
    0.29700000554323197,
    0.3170000047981739,
    0.3220000061392784,
    0.35400000363588335,
    0.3440000066161156,
    0.35400000646710394,
    0.3750000047683716,
    0.36300000697374346,
    0.368000006377697,
    0.36700000464916227,
    0.3630000051856041,
    0.3980000060796738,
    0.3690000069141388,
    0.39700000554323195
  ],
  "test_acc": [
    0.15385233016496294,
    0.15385233016496294,
    0.15385233016496294,
    0.14069021154153213,
    0.1046548979252242,
    0.19903692180353605,
    0.20521669700909195,
    0.24959871947263065,
    0.20104334130883217,
    0.2300963124281235,
    0.1976725553696075,
    0.2535313032567501,
    0.25240770932496265,
    0.30882825459657093,
    0.3043338731768426,
    0.3191813858372442,
    0.3015248844127976,
    0.30497592679235375,
    0.3526484818940752,
    0.30682183458898843,
    0.3313001657135031,
    0.3495184650247017,
    0.3400481581855356,
    0.35425361656071097,
    0.3427768913045358,
    0.34245586529206695,
    0.35569823976982845,
    0.3585072287013022,
    0.35401284728157384,
    0.3585072290361597
  ],
  "zero_shot_metrics": {
    "0": {
      "knn_acc": 0.5377677564825254,
      "kmeans_ari": 0.06621824951004347,
      "kmeans_nmi": 0.14527938459954765,
      "linear_acc": 0.41262683201803835
    },
    "5": {
      "knn_acc": 0.3827508455467869,
      "kmeans_ari": 0.04003762710192942,
      "kmeans_nmi": 0.09128172033189297,
      "linear_acc": 0.1600901916572717
    },
    "10": {
      "knn_acc": 0.3855693348365276,
      "kmeans_ari": 0.06549434679355945,
      "kmeans_nmi": 0.13592681342533297,
      "linear_acc": 0.24464487034949267
    },
    "15": {
      "knn_acc": 0.43122886133032695,
      "kmeans_ari": 0.10105694619822664,
      "kmeans_nmi": 0.17530335080076903,
      "linear_acc": 0.33258173618940245
    },
    "20": {
      "knn_acc": 0.44250281848928974,
      "kmeans_ari": 0.10642198108595748,
      "kmeans_nmi": 0.19672710404219235,
      "linear_acc": 0.3788049605411499
    },
    "25": {
      "knn_acc": 0.4509582863585118,
      "kmeans_ari": 0.11470001471215775,
      "kmeans_nmi": 0.21414551138770482,
      "linear_acc": 0.3765501691093574
    },
    "30": {
      "knn_acc": 0.4616685456595265,
      "kmeans_ari": 0.11340674887697114,
      "kmeans_nmi": 0.213395456845576,
      "linear_acc": 0.3765501691093574
    }
  }
}