{
  "train_loss_diet": [
    6.087612516229803,
    5.499278207258745,
    5.285203734311191,
    5.141373634338379,
    5.051832537217574,
    4.968093577298251,
    4.937574091824618,
    4.877161771600897,
    4.842239093780518,
    4.790684457258744,
    4.756077142195268,
    4.756005243821577,
    4.726414611122825,
    4.707961212504994,
    4.710728298534047,
    4.675988093289462,
    4.680230652202259,
    4.659193160317161,
    4.655823066017844,
    4.642664952711626,
    4.625307577306574,
    4.639735022458163,
    4.621202876351097,
    4.625919012589888,
    4.631021369587291,
    4.6180799397555266,
    4.6209202419627795,
    4.620236656882546,
    4.602753578532826,
    4.618825331601229
  ],
  "train_loss_probe": [
    1.622324327989058,
    1.0996854901313782,
    1.0020329768007452,
    0.9390431447462602,
    0.9086846394972368,
    0.8862282438711686,
    0.8688548532399264,
    0.8520190434022383,
    0.845053324916146,
    0.8327044660394842,
    0.8301654132929716,
    0.8272237625989047,
    0.8060583764856512,
    0.8027045965194702,
    0.7975289236415516,
    0.7968321052464572,
    0.7955384893850846,
    0.7858204353939403,
    0.7900034969503229,
    0.7838016260753978,
    0.7789020690050992,
    0.7881634170358831,
    0.7780981443145059,
    0.7725890907374295,
    0.772723790732297,
    0.7756482276049528,
    0.7790884570641952,
    0.7717780059034174,
    0.7724083423614502,
    0.772432985089042
  ],
  "train_acc": [
    0.46030352870813396,
    0.6573325358851675,
    0.6707775119617224,
    0.684037081339713,
    0.6908433014354067,
    0.6924431818181819,
    0.6970499401913876,
    0.6993286483253588,
    0.7050598086124402,
    0.7068017344497608,
    0.7068077153110048,
    0.7036767344497608,
    0.7128782894736843,
    0.7120200358851675,
    0.7120319976076555,
    0.7186961722488039,
    0.7135391746411484,
    0.7143854665071769,
    0.7126928827751197,
    0.715936004784689,
    0.7189309210526316,
    0.7154351076555024,
    0.7208208732057416,
    0.7216671650717704,
    0.7204560406698565,
    0.7220559210526315,
    0.7189309210526316,
    0.7246187200956937,
    0.7197831937799043,
    0.7219258373205742
  ],
  "test_acc": [
    0.638286965974062,
    0.6176860363178187,
    0.6021950322451476,
    0.5900728087111741,
    0.5765044870343587,
    0.5771491708722494,
    0.5721440182590154,
    0.5675585779104266,
    0.5603993335974671,
    0.5607070331507489,
    0.5617560748987958,
    0.5561602212978483,
    0.5585901834560514,
    0.5521542870544645,
    0.5553316225890057,
    0.5601039831036103,
    0.5543893923643963,
    0.5572809328917401,
    0.5548128237608807,
    0.5575021853331463,
    0.5533098330382245,
    0.551829730499162,
    0.5513834109190838,
    0.5514673342589276,
    0.5522607912901776,
    0.5520871251512152,
    0.5516141026902777,
    0.5523821477659021,
    0.5524164800412927,
    0.5521418218381677
  ],
  "zero_shot_metrics": {
    "0": {
      "knn_acc": 0.7486284289276808,
      "kmeans_ari": 0.07240636711349648,
      "kmeans_nmi": 0.14023688557774222,
      "linear_acc": 0.6859421734795613
    },
    "5": {
      "knn_acc": 0.7481296758104738,
      "kmeans_ari": 0.07228962086408364,
      "kmeans_nmi": 0.14114973300765601,
      "linear_acc": 0.7138584247258225
    },
    "10": {
      "knn_acc": 0.7496259351620947,
      "kmeans_ari": 0.07243335861801399,
      "kmeans_nmi": 0.1412288948113736,
      "linear_acc": 0.7018943170488534
    },
    "15": {
      "knn_acc": 0.7486284289276808,
      "kmeans_ari": 0.07221519246630423,
      "kmeans_nmi": 0.1397425811851412,
      "linear_acc": 0.6959122632103689
    },
    "20": {
      "knn_acc": 0.7491271820448878,
      "kmeans_ari": 0.07214236791575401,
      "kmeans_nmi": 0.13969053771335155,
      "linear_acc": 0.7128614157527418
    },
    "25": {
      "knn_acc": 0.7486284289276808,
      "kmeans_ari": 0.07228962086408364,
      "kmeans_nmi": 0.14114973300765601,
      "linear_acc": 0.6919242273180458
    },
    "30": {
      "knn_acc": 0.7496259351620947,
      "kmeans_ari": 0.072239528941915,
      "kmeans_nmi": 0.14085046728200923,
      "linear_acc": 0.6869391824526421
    }
  }
}