{
  "train_loss_diet": [
    4.608722669428045,
    4.608928307619962,
    4.605710220336914,
    4.6036685770208186,
    4.601560653339733,
    4.597894105044278,
    4.596110647374934,
    4.592747827009721,
    4.588563338193026,
    4.586702667583118,
    4.583475867184726,
    4.581879945234819,
    4.578205680847168,
    4.574303158846768,
    4.572175147316672,
    4.5668141104958275,
    4.565348486466841,
    4.559376751292835,
    4.5571844274347475,
    4.554145171425559,
    4.553577353737571,
    4.551575261896307,
    4.546581545743075,
    4.54528281471946,
    4.541197369315407,
    4.540660728107799,
    4.54140418659557,
    4.537737014076926,
    4.5395202029835096,
    4.539772103049538
  ],
  "train_loss_probe": [
    1.3748678792606701,
    0.8928757797588002,
    0.8829816428097812,
    0.8539282061836936,
    0.8203982515768571,
    0.8137563467025757,
    0.7917953523722562,
    0.7621542908928611,
    0.7566792054609819,
    0.755515188520605,
    0.7668063521385193,
    0.7254231214523316,
    0.7197272983464328,
    0.714638168703426,
    0.7109371954744512,
    0.7051812941377813,
    0.7149695629423315,
    0.6930673902684992,
    0.6873522379181601,
    0.6787868629802357,
    0.6727364897727967,
    0.6678113254633817,
    0.6447331872853366,
    0.6432043411514976,
    0.6332179893146862,
    0.6305475424636494,
    0.6277729511260987,
    0.6145040387457067,
    0.6105225373398174,
    0.606018334085291
  ],
  "train_acc": [
    0.6554739832535885,
    0.6786333732057416,
    0.6717598684210526,
    0.6800971889952153,
    0.6904111842105263,
    0.6932087320574163,
    0.6983283492822967,
    0.7117359449760766,
    0.7083268540669857,
    0.7079874401913876,
    0.7037634569377991,
    0.7232416267942584,
    0.7215864234449761,
    0.726891447368421,
    0.730590610047847,
    0.7336169258373206,
    0.7245693779904306,
    0.7313755980861244,
    0.7357535885167463,
    0.7425478468899522,
    0.7447458133971292,
    0.7473893540669857,
    0.7503842703349282,
    0.7505816387559809,
    0.7595065789473684,
    0.7531758373205742,
    0.7564862440191388,
    0.7584255382775119,
    0.7649536483253588,
    0.764063995215311
  ],
  "test_acc": [
    0.6691119025735295,
    0.594663259116836,
    0.6402807279276601,
    0.5312135589494013,
    0.5477641306946435,
    0.5965114817899816,
    0.5896071495399343,
    0.557759566785555,
    0.568110845229205,
    0.4994062646780047,
    0.5516456039059121,
    0.5729486326857834,
    0.5372443498129663,
    0.5453643001569596,
    0.5372883743233334,
    0.5190901643429661,
    0.5978954824691826,
    0.5362278715879447,
    0.5151156901323259,
    0.5150202477267044,
    0.5146913368726684,
    0.5344709112569948,
    0.5171563620385826,
    0.5007386188441082,
    0.5011163319518409,
    0.4894565711631907,
    0.48339411224048445,
    0.4871176596248851,
    0.4907272138232591,
    0.48271981579209694
  ],
  "zero_shot_metrics": {
    "0": {
      "knn_acc": 0.7496259351620947,
      "kmeans_ari": 0.07213032710359459,
      "kmeans_nmi": 0.13991781996945768,
      "linear_acc": 0.6959122632103689
    },
    "5": {
      "knn_acc": 0.7286783042394015,
      "kmeans_ari": 0.10945103401936253,
      "kmeans_nmi": 0.19841315179018817,
      "linear_acc": 0.6879361914257228
    },
    "10": {
      "knn_acc": 0.7645885286783043,
      "kmeans_ari": 0.1099630946441079,
      "kmeans_nmi": 0.2278369281351436,
      "linear_acc": 0.7218344965104686
    },
    "15": {
      "knn_acc": 0.7541147132169576,
      "kmeans_ari": 0.11231592103102964,
      "kmeans_nmi": 0.2176598358416824,
      "linear_acc": 0.7248255234297108
    },
    "20": {
      "knn_acc": 0.7620947630922693,
      "kmeans_ari": 0.10379456604619508,
      "kmeans_nmi": 0.21594614356846895,
      "linear_acc": 0.7407776669990029
    },
    "25": {
      "knn_acc": 0.771571072319202,
      "kmeans_ari": 0.05643380029645275,
      "kmeans_nmi": 0.21688419523270552,
      "linear_acc": 0.7347956131605184
    },
    "30": {
      "knn_acc": 0.7685785536159601,
      "kmeans_ari": 0.046610242971470796,
      "kmeans_nmi": 0.21552672091220917,
      "linear_acc": 0.7497507477567298
    }
  }
}