{"zero_shot/knn_acc_relative_improvement":-55.76800509878904,"train/accuracy":0.2310000041872263,"epoch":11,"zero_shot/knn_acc":0.4164,"_timestamp":1.7449500615570128e+09,"zero_shot/linear_acc_relative_improvement":-69.63860636225925,"zero_shot/kmeans_nmi":0.13542429316724497,"eval/accuracy":0.21550000371038913,"train/learning_rate":0.00035465047755357104,"zero_shot/kmeans_ari_relative_improvement":-89.30195701654394,"zero_shot/kmeans_ari_improvement":-0.5578999450159033,"_step":24,"train/diet_loss":2.3014534950256347,"train/probe_loss":2.026585187911987,"zero_shot/kmeans_nmi_relative_improvement":-81.80928911753064,"_wandb":{"runtime":378},"zero_shot/average_improvement":-0.5838862863323214,"zero_shot/kmeans_ari":0.06683434262411743,"model_architecture":{"_type":"html-file","sha256":"2a1f939ffeddb1079a54e52783da94323d1c90db4a595763927009c17733cacf","size":541,"path":"media/html/model_architecture_0_2a1f939ffeddb1079a54.html"},"zero_shot/knn_acc_improvement":-0.525,"zero_shot/linear_acc_improvement":-0.6436,"zero_shot/linear_acc":0.2806,"_runtime":361.5732519,"zero_shot/kmeans_nmi_improvement":-0.6090452003133824}