{
  "train_loss_diet": [
    6.143576760725542,
    5.496266061609441,
    5.278142538937655,
    5.133280650052157,
    5.063410039381547,
    4.986022593758323,
    4.918765024705366,
    4.883064105293967,
    4.830542867833918,
    4.799189905686812,
    4.779913069985129,
    4.742080913890492,
    4.717336186495694,
    4.712327202883634,
    4.692094646800648,
    4.6800950310447,
    4.673484932292592,
    4.6734710433266375,
    4.660156336697665,
    4.649803586439653,
    4.647279800068248,
    4.63521201393821,
    4.627036207372492,
    4.627186038277366,
    4.618836550279097,
    4.6141007770191536,
    4.6264385396784,
    4.61661133332686,
    4.610672196474942,
    4.613341574235396
  ],
  "train_loss_probe": [
    1.29141643372449,
    0.9985716462135314,
    0.9314476923509077,
    0.8936297980221835,
    0.8702997879548506,
    0.8518995729359713,
    0.8377914190292358,
    0.831644635850733,
    0.8252029278061607,
    0.8169011462818493,
    0.8128367185592651,
    0.802811243317344,
    0.7983795404434204,
    0.7906719933856617,
    0.7913128300146623,
    0.7784116268157959,
    0.7780023921619762,
    0.7780795720490542,
    0.7775575410236012,
    0.7805422035130587,
    0.7687852881171486,
    0.7680736520073631,
    0.7691316387870095,
    0.7631671179424633,
    0.760053061355244,
    0.7609490210359747,
    0.7638249787417325,
    0.7605510061437434,
    0.7667574405670166,
    0.7633869669654153
  ],
  "train_acc": [
    0.582178528708134,
    0.6725687799043062,
    0.6801839114832536,
    0.6882984449760766,
    0.6987425239234449,
    0.6991611842105264,
    0.704688995215311,
    0.7079874401913876,
    0.7074252392344497,
    0.7083268540669857,
    0.708747009569378,
    0.7097787081339713,
    0.7115011961722488,
    0.7115938995215311,
    0.7130083732057416,
    0.7187455143540671,
    0.7168376196172249,
    0.7188875598086125,
    0.7208208732057416,
    0.7158986244019139,
    0.7212036483253588,
    0.7203453947368421,
    0.7175598086124402,
    0.7242419258373206,
    0.7252482057416269,
    0.7220125598086125,
    0.7170290071770334,
    0.7192209928229665,
    0.719721889952153,
    0.7208761961722489
  ],
  "test_acc": [
    0.6450135887700381,
    0.618713812382576,
    0.6030646126823029,
    0.5966913121629339,
    0.5802384404905114,
    0.5782668977625229,
    0.5805783345047578,
    0.5699615879784818,
    0.5687510755070353,
    0.5604430096372188,
    0.557451265856469,
    0.5673734676796672,
    0.5579005907316109,
    0.5455363643870634,
    0.5552496459327354,
    0.5465575078944434,
    0.5602740462676051,
    0.557111932035136,
    0.5514550807649289,
    0.5485096117699435,
    0.5517965935835789,
    0.5501320946505326,
    0.5521805870821732,
    0.5468008016302511,
    0.551928817062642,
    0.5515395437062405,
    0.5508794268439798,
    0.5515929494679592,
    0.551280144292178,
    0.5477535878745743
  ],
  "zero_shot_metrics": {
    "0": {
      "knn_acc": 0.7486284289276808,
      "kmeans_ari": 0.07240636711349648,
      "kmeans_nmi": 0.14023688557774222,
      "linear_acc": 0.6999002991026919
    },
    "5": {
      "knn_acc": 0.7481296758104738,
      "kmeans_ari": 0.07231259939128457,
      "kmeans_nmi": 0.14009537147850584,
      "linear_acc": 0.6989032901296112
    },
    "10": {
      "knn_acc": 0.7491271820448878,
      "kmeans_ari": 0.07228188860147805,
      "kmeans_nmi": 0.13976786447979633,
      "linear_acc": 0.6919242273180458
    },
    "15": {
      "knn_acc": 0.7491271820448878,
      "kmeans_ari": 0.07237726834340454,
      "kmeans_nmi": 0.14004760516380307,
      "linear_acc": 0.6989032901296112
    },
    "20": {
      "knn_acc": 0.7491271820448878,
      "kmeans_ari": 0.0724136801154765,
      "kmeans_nmi": 0.14007391212250825,
      "linear_acc": 0.6999002991026919
    },
    "25": {
      "knn_acc": 0.7486284289276808,
      "kmeans_ari": 0.0725074422845697,
      "kmeans_nmi": 0.14030633506512705,
      "linear_acc": 0.7018943170488534
    },
    "30": {
      "knn_acc": 0.7496259351620947,
      "kmeans_ari": 0.07213032710359459,
      "kmeans_nmi": 0.13991781996945768,
      "linear_acc": 0.7038883349950149
    }
  }
}