{"_runtime":22.707261,"zero_shot/knn_acc":0.9414,"_wandb":{"runtime":28},"zero_shot/linear_acc":0.9222,"epoch":0,"_step":1,"model_architecture":{"size":541,"path":"media/html/model_architecture_0_2a1f939ffeddb1079a54.html","_type":"html-file","sha256":"2a1f939ffeddb1079a54e52783da94323d1c90db4a595763927009c17733cacf"},"_timestamp":1.74509572169454e+09,"zero_shot/kmeans_nmi":0.7444694934806274,"zero_shot/kmeans_ari":0.6247342876400208}