{
  "train_loss_diet": [
    4.609405595606024,
    4.606826643510298,
    4.60586327639493,
    4.604894828796387,
    4.605384531888094,
    4.604961195859042,
    4.603339316628196,
    4.603873807733709,
    4.602633450248025,
    4.603050682761452,
    4.602130690487948,
    4.601091003417968,
    4.6007547638633035,
    4.600415446541526,
    4.599938253922896,
    4.599429243261164,
    4.599414079839533,
    4.5990709738297895,
    4.598481421037154,
    4.598396492004395,
    4.597986247322776,
    4.59732703295621,
    4.597152146426114,
    4.596237347342751,
    4.596209361336448,
    4.595851542732932,
    4.595651401172985,
    4.595472630587492,
    4.596088409423828,
    4.594909824024548
  ],
  "train_loss_probe": [
    2.63663929158991,
    2.2919112422249532,
    2.013559534332969,
    1.780584647438743,
    1.5901413115588101,
    1.489602052081715,
    1.3964177738536487,
    1.3199132399125533,
    1.2754239905964244,
    1.2336505749008873,
    1.199534658952193,
    1.1686955040151423,
    1.151440610668876,
    1.124357189915397,
    1.1111193602735345,
    1.0957666873931884,
    1.0806840538978577,
    1.0642798141999679,
    1.0370514024387707,
    1.0369053461334923,
    1.0162814617156983,
    1.0103053721514614,
    0.9989798589186235,
    0.9893253597346219,
    0.979964630170302,
    0.9800724788145585,
    0.9674923929301176,
    0.9628094673156739,
    0.9529871615496549,
    0.9449974818663164
  ],
  "train_acc": [
    0.06631578947368422,
    0.13236094497607656,
    0.23495962918660285,
    0.3564518540669856,
    0.4627751196172249,
    0.5204515550239234,
    0.5661647727272727,
    0.5863785885167464,
    0.6056593899521531,
    0.6225254186602871,
    0.6338711124401913,
    0.6398549641148324,
    0.6413935406698565,
    0.6508732057416268,
    0.6488905502392345,
    0.6560541267942583,
    0.6552706339712919,
    0.6571845095693779,
    0.6660346889952153,
    0.6730442583732058,
    0.6733836722488038,
    0.6720559210526316,
    0.6757057416267943,
    0.6800538277511962,
    0.6808133971291866,
    0.6836602870813397,
    0.6831788277511961,
    0.6837036483253588,
    0.6812335526315789,
    0.6875388755980861
  ],
  "test_acc": [
    0.06293873506433824,
    0.12276336933914765,
    0.21643379449019384,
    0.3072912027431607,
    0.385294877946583,
    0.4377849116869864,
    0.47863202104931474,
    0.4999683366927309,
    0.5217991221074827,
    0.5363260288964506,
    0.5439463531599738,
    0.5526868082330301,
    0.5570241190240457,
    0.5606331299250513,
    0.5615333984797388,
    0.5630046012904817,
    0.5646867085493147,
    0.5656823445356428,
    0.5658007743861848,
    0.5643008845240187,
    0.5637057917505812,
    0.5637584836755245,
    0.5627930954665874,
    0.5634148911208843,
    0.5629113510818218,
    0.5629075363845562,
    0.5625519226496607,
    0.5634903381770044,
    0.561491436809817,
    0.562171743848332
  ],
  "zero_shot_metrics": {
    "0": {
      "knn_acc": 0.7486284289276808,
      "kmeans_ari": 0.07240636711349648,
      "kmeans_nmi": 0.14023688557774222,
      "linear_acc": 0.7038883349950149
    },
    "5": {
      "knn_acc": 0.7486284289276808,
      "kmeans_ari": 0.07242356429499705,
      "kmeans_nmi": 0.13984610232596276,
      "linear_acc": 0.7058823529411765
    },
    "10": {
      "knn_acc": 0.7486284289276808,
      "kmeans_ari": 0.07251894417496618,
      "kmeans_nmi": 0.14012584743246734,
      "linear_acc": 0.7038883349950149
    },
    "15": {
      "knn_acc": 0.7481296758104738,
      "kmeans_ari": 0.0724136801154765,
      "kmeans_nmi": 0.14007391212250825,
      "linear_acc": 0.7068793619142573
    },
    "20": {
      "knn_acc": 0.7491271820448878,
      "kmeans_ari": 0.07240725414069744,
      "kmeans_nmi": 0.14020007751109373,
      "linear_acc": 0.6949152542372882
    },
    "25": {
      "knn_acc": 0.7491271820448878,
      "kmeans_ari": 0.07251894417496618,
      "kmeans_nmi": 0.14012584743246734,
      "linear_acc": 0.6969092721834497
    },
    "30": {
      "knn_acc": 0.7496259351620947,
      "kmeans_ari": 0.072237747515994,
      "kmeans_nmi": 0.13997027422271832,
      "linear_acc": 0.6999002991026919
    }
  }
}