{
  "train_loss_diet": [
    4.61704760464755,
    4.609839742833918,
    4.602975177764892,
    4.593481011824174,
    4.590005198392001,
    4.581546254591508,
    4.573489822040905,
    4.56712895306674,
    4.561750810796564,
    4.552967210249467,
    4.543469732457941,
    4.534595255418258,
    4.522786383195357,
    4.511961087313566,
    4.503422173586759,
    4.480776448683305,
    4.471337526494806,
    4.461770829287443,
    4.444506411118941,
    4.429326742345636,
    4.415977434678511,
    4.39157414002852,
    4.370867694507946,
    4.355192695964466,
    4.338926644758745,
    4.318492551283403,
    4.3106781612743035,
    4.305405391346325,
    4.304101553830233,
    4.294972246343439
  ],
  "train_loss_probe": [
    0.9276846809820696,
    0.8213137659159574,
    0.7735261711207303,
    0.7637236519293351,
    0.7345932028510354,
    0.7299907836047086,
    0.7098817137154666,
    0.6963897737589749,
    0.6862225196578285,
    0.6813223199410872,
    0.6648400675166737,
    0.6512136567722667,
    0.6269330685788935,
    0.6126036416400563,
    0.602260256355459,
    0.6072195979681883,
    0.5992804895747792,
    0.5754680395126343,
    0.5448041000149467,
    0.5257452401247892,
    0.5048363826491616,
    0.4707244873046875,
    0.45450425798242744,
    0.40827046145092355,
    0.4010071651502089,
    0.3800742593678561,
    0.3589140510017222,
    0.34822655862027946,
    0.3264301584525542,
    0.3051018094474619
  ],
  "train_acc": [
    0.6703633373205742,
    0.6966357655502392,
    0.7057819976076555,
    0.7101734449760766,
    0.726563995215311,
    0.7262245813397129,
    0.7294602272727272,
    0.7330980861244019,
    0.7383477870813397,
    0.7373908492822967,
    0.7485316985645933,
    0.7448758971291867,
    0.7579066985645934,
    0.7650583133971292,
    0.7709808612440191,
    0.7669856459330143,
    0.7733089114832536,
    0.7823130980861245,
    0.7955607057416269,
    0.7984135765550239,
    0.8044168660287082,
    0.8182819976076555,
    0.8279530502392345,
    0.8425837320574163,
    0.8522921650717703,
    0.8564668062200956,
    0.8645888157894737,
    0.8701958732057417,
    0.8768286483253589,
    0.8933552631578948
  ],
  "test_acc": [
    0.6044012218858131,
    0.6005819380077111,
    0.5472720178518329,
    0.5193072198254014,
    0.5185855451009678,
    0.5647931716021369,
    0.5489787857425255,
    0.5499842470162468,
    0.513759546510901,
    0.5370973490678728,
    0.49581482831169577,
    0.5042549603208126,
    0.5131102760605334,
    0.5167471102282251,
    0.5381379145321962,
    0.5233579842854537,
    0.5227896730627568,
    0.5154849718351265,
    0.4839821938907399,
    0.5046881589262543,
    0.4970319453572732,
    0.4925414864827192,
    0.508614196249358,
    0.4916468050735632,
    0.5020234542899478,
    0.5060874014989727,
    0.4878608117549065,
    0.49181549864244295,
    0.48301701370820044,
    0.5029882073319907
  ],
  "zero_shot_metrics": {
    "0": {
      "knn_acc": 0.7471321695760599,
      "kmeans_ari": 0.03470835671972697,
      "kmeans_nmi": 0.11746272806236406,
      "linear_acc": 0.6689930209371885
    },
    "5": {
      "knn_acc": 0.7680798004987531,
      "kmeans_ari": 0.047342890010077826,
      "kmeans_nmi": 0.16951482814754731,
      "linear_acc": 0.7407776669990029
    },
    "10": {
      "knn_acc": 0.772069825436409,
      "kmeans_ari": 0.04906393721584011,
      "kmeans_nmi": 0.19416970753458046,
      "linear_acc": 0.7507477567298105
    },
    "15": {
      "knn_acc": 0.7845386533665836,
      "kmeans_ari": 0.11429093475467995,
      "kmeans_nmi": 0.21620649790058452,
      "linear_acc": 0.7597208374875374
    },
    "20": {
      "knn_acc": 0.7745635910224439,
      "kmeans_ari": 0.11271525075135834,
      "kmeans_nmi": 0.23041985772764415,
      "linear_acc": 0.7557328015952144
    },
    "25": {
      "knn_acc": 0.7920199501246883,
      "kmeans_ari": 0.1279747018263327,
      "kmeans_nmi": 0.2372662486345916,
      "linear_acc": 0.7706879361914257
    },
    "30": {
      "knn_acc": 0.7920199501246883,
      "kmeans_ari": 0.13326307629838127,
      "kmeans_nmi": 0.25185053196916507,
      "linear_acc": 0.7686939182452642
    }
  }
}