{"zero_shot/knn_acc":0.4538,"train/diet_loss":2.2752070522308347,"zero_shot/kmeans_nmi_improvement":-0.5729754819013203,"train/probe_loss":1.575400710105896,"zero_shot/linear_acc_relative_improvement":-62.59475850119126,"eval/accuracy":0.32120000474154947,"zero_shot/kmeans_nmi":0.1714940115793071,"zero_shot/knn_acc_improvement":-0.48760000000000003,"zero_shot/knn_acc_relative_improvement":-51.79519864032292,"zero_shot/kmeans_ari_relative_improvement":-86.59924519751392,"model_architecture":{"_type":"html-file","sha256":"2a1f939ffeddb1079a54e52783da94323d1c90db4a595763927009c17733cacf","size":541,"path":"media/html/model_architecture_0_2a1f939ffeddb1079a54.html"},"zero_shot/kmeans_ari_improvement":-0.5410151775863236,"zero_shot/kmeans_ari":0.08371911005369721,"zero_shot/average_improvement":-0.544897664871911,"_wandb":{"runtime":1059},"experiment_dashboard":{"_type":"html-file","sha256":"9e2a887c54dc42fe0e00aeba4a4db2cb2e4852b197f70a40b51352c2f6913fc2","size":1770,"path":"media/html/experiment_dashboard_69_9e2a887c54dc42fe0e00.html"},"zero_shot/kmeans_nmi_relative_improvement":-76.96426608731554,"_step":69,"zero_shot/linear_acc_improvement":-0.5780000000000001,"epoch":31,"_timestamp":1.7449511546522305e+09,"train/learning_rate":1e-05,"_runtime":1059.2993323,"zero_shot/linear_acc":0.3454,"train/accuracy":0.44200000911951065}