{"zero_shot/linear_acc_relative_improvement":-1.2287887653598542,"_step":6,"zero_shot/kmeans_ari_improvement":0.0018494845498330387,"zero_shot/kmeans_nmi_relative_improvement":4.790208342205658,"model_architecture":{"_type":"html-file","sha256":"2a1f939ffeddb1079a54e52783da94323d1c90db4a595763927009c17733cacf","size":541,"path":"media/html/model_architecture_0_2a1f939ffeddb1079a54.html"},"train/learning_rate":1.1342135634773045e-05,"_timestamp":1.745094122455353e+09,"_wandb":{"runtime":110},"zero_shot/linear_acc":0.3376,"zero_shot/kmeans_nmi_improvement":0.008212482806878613,"train/probe_loss":1.8223748111724853,"zero_shot/knn_acc":0.4599,"train/accuracy":0.3340000060945749,"epoch":31,"zero_shot/kmeans_nmi":0.1796556063662427,"zero_shot/kmeans_ari_relative_improvement":2.171052259319617,"zero_shot/average_improvement":0.0016154918391779148,"train/diet_loss":2.3257245206832886,"eval/accuracy":0.3207000044733286,"zero_shot/kmeans_ari":0.08703787842168972,"_runtime":103.8408031,"zero_shot/linear_acc_improvement":-0.0041999999999999815,"zero_shot/knn_acc_improvement":0.0005999999999999894,"zero_shot/knn_acc_relative_improvement":0.13063357282821456}