{"_wandb":{"runtime":93},"zero_shot/linear_acc":0.921,"epoch":2,"model_architecture":{"_type":"html-file","sha256":"2a1f939ffeddb1079a54e52783da94323d1c90db4a595763927009c17733cacf","size":541,"path":"media/html/model_architecture_0_2a1f939ffeddb1079a54.html"},"_step":5,"train/probe_loss":2.383350853919983,"zero_shot/kmeans_nmi":0.7444694934806274,"zero_shot/knn_acc":0.9414,"zero_shot/kmeans_ari":0.6247342876400208,"train/learning_rate":0.0004946461621797824,"train/diet_loss":2.30235068321228,"eval/accuracy":0.14020000284165143,"_timestamp":1.7450930237403898e+09,"_runtime":83.387698,"train/accuracy":0.12200000248849392}