{
  "train_loss_diet": [
    4.6103254058144305,
    4.593036018718372,
    4.584886819666083,
    4.57402759031816,
    4.565513758225874,
    4.55761099728671,
    4.546957527507435,
    4.539105250618674,
    4.531031903353605,
    4.519247471202504,
    4.512982689250599,
    4.5034251819957385,
    4.490955786271528,
    4.4880939483642575,
    4.480396331440319,
    4.4704634319652214,
    4.460432390733199,
    4.45827596837824,
    4.452015798742121,
    4.445409367301247,
    4.44719931862571,
    4.442336264523592,
    4.436591555855491,
    4.43474814675071,
    4.43261552290483,
    4.429869383031671,
    4.430568478324196,
    4.426681535894221,
    4.425116036155007,
    4.427331638336182
  ],
  "train_loss_probe": [
    1.184723645990545,
    0.8713461984287608,
    0.8224292690103704,
    0.7927934570745988,
    0.7751545862718062,
    0.774362698468295,
    0.7572321230714971,
    0.7439204302701083,
    0.7389263098890131,
    0.7248132651502436,
    0.7349079251289368,
    0.724615956436504,
    0.7175995609977028,
    0.7135463562878696,
    0.7132744615728205,
    0.7172940059141679,
    0.7204216675324874,
    0.7068181232972579,
    0.7078661604361101,
    0.7135367079214616,
    0.7096947474913163,
    0.7066609485582872,
    0.7031559597362171,
    0.703989099372517,
    0.6957201383330606,
    0.7045625686645508,
    0.7008504228158431,
    0.692713110555302,
    0.6989206758412447,
    0.6978028752587059
  ],
  "train_acc": [
    0.6029844497607655,
    0.6976794258373207,
    0.705659389952153,
    0.710025418660287,
    0.7189922248803827,
    0.7176584928229665,
    0.720962918660287,
    0.7239952153110049,
    0.7295349880382775,
    0.731572966507177,
    0.7326839114832536,
    0.7340430622009569,
    0.7336423444976076,
    0.7327153110047847,
    0.7359943181818182,
    0.7398295454545454,
    0.7352661483253587,
    0.7389159688995216,
    0.7389653110047847,
    0.7360810406698565,
    0.7355622009569378,
    0.739354066985646,
    0.7414294258373206,
    0.7405397727272727,
    0.745943480861244,
    0.7385451555023924,
    0.7447891746411484,
    0.7449312200956938,
    0.7437455143540671,
    0.7451226076555024
  ],
  "test_acc": [
    0.5856207872014557,
    0.5565924399616808,
    0.542013011787177,
    0.5369962408468385,
    0.5340349565657777,
    0.5277948594670807,
    0.5312629794744472,
    0.5190608009417577,
    0.526960557455835,
    0.5322289072848522,
    0.5385639446746932,
    0.5238885139016545,
    0.5356932706733888,
    0.516341690010678,
    0.5279481817859266,
    0.5450312467264882,
    0.5256601691328531,
    0.5242532596786129,
    0.5301352567573732,
    0.5180463987568258,
    0.5261394925760976,
    0.5374046420721035,
    0.5303249293132637,
    0.5296444855264314,
    0.5281663877493783,
    0.5287118894583627,
    0.5332119413065664,
    0.525823449791509,
    0.5246167145303376,
    0.5249218903115876
  ],
  "zero_shot_metrics": {
    "0": {
      "knn_acc": 0.7486284289276808,
      "kmeans_ari": 0.07240636711349648,
      "kmeans_nmi": 0.14023688557774222,
      "linear_acc": 0.7138584247258225
    },
    "5": {
      "knn_acc": 0.7496259351620947,
      "kmeans_ari": 0.07261357205375442,
      "kmeans_nmi": 0.1404156463433152,
      "linear_acc": 0.711864406779661
    },
    "10": {
      "knn_acc": 0.7501246882793018,
      "kmeans_ari": 0.07223840260348131,
      "kmeans_nmi": 0.1409644606408625,
      "linear_acc": 0.7018943170488534
    },
    "15": {
      "knn_acc": 0.7496259351620947,
      "kmeans_ari": 0.07238321911071074,
      "kmeans_nmi": 0.14104426184015426,
      "linear_acc": 0.707876370887338
    },
    "20": {
      "knn_acc": 0.7496259351620947,
      "kmeans_ari": 0.07223840260348131,
      "kmeans_nmi": 0.1409644606408625,
      "linear_acc": 0.6809571286141576
    },
    "25": {
      "knn_acc": 0.7496259351620947,
      "kmeans_ari": 0.0722563037415408,
      "kmeans_nmi": 0.14113642832945125,
      "linear_acc": 0.6929212362911267
    },
    "30": {
      "knn_acc": 0.7501246882793018,
      "kmeans_ari": 0.07232270908202192,
      "kmeans_nmi": 0.13978453595670093,
      "linear_acc": 0.7028913260219342
    }
  }
}