{"zero_shot/knn_acc":0.3991,"zero_shot/linear_acc":0.2418,"_runtime":197.2829694,"train/probe_loss":2.173005690574646,"epoch":5,"_step":12,"zero_shot/knn_acc_improvement":-0.5423,"zero_shot/knn_acc_relative_improvement":-57.60569364775866,"zero_shot/kmeans_ari_improvement":-0.5657525974431173,"zero_shot/linear_acc_improvement":-0.6822,"model_architecture":{"path":"media/html/model_architecture_0_2a1f939ffeddb1079a54.html","_type":"html-file","sha256":"2a1f939ffeddb1079a54e52783da94323d1c90db4a595763927009c17733cacf","size":541},"zero_shot/average_improvement":-0.6025275545638791,"train/diet_loss":2.3064140272140503,"zero_shot/kmeans_ari":0.058981690196903476,"zero_shot/kmeans_nmi_relative_improvement":-83.26165494228258,"_wandb":{"runtime":203},"train/accuracy":0.17100000321865083,"zero_shot/linear_acc_relative_improvement":-73.83116883116884,"zero_shot/kmeans_nmi":0.12461187266822861,"zero_shot/kmeans_ari_relative_improvement":-90.5589157880687,"eval/accuracy":0.20710000362247227,"zero_shot/kmeans_nmi_improvement":-0.6198576208123988,"_timestamp":1.7450929024745164e+09,"train/learning_rate":0.0004671762239271875}